<?xml version="1.0" encoding="UTF-8"?>

<beans  
    xmlns="http://www.springframework.org/schema/beans"  
    xmlns:xsi="http://www.w3.org/2001/XMLSchema-instance"  
    xmlns:p="http://www.springframework.org/schema/p"  
    xsi:schemaLocation="http://www.springframework.org/schema/beans  
                http://www.springframework.org/schema/beans/spring-beans-3.0.xsd">  
        
        
        <bean id="xyz" class="com.cg.model.SBU">
			
			
			<constructor-arg ref="abc"></constructor-arg>
			<property name="sbuCode" value="101"/>
			<property name="sbuName" value="SureshVerma"/>
			<property name="sbuHead" value="Pal"/>
			<property name="emplist">
			  
			  <list>
			  <ref bean="e1"/>
			  <ref bean="e2"/>
			  
			  </list>
			  
			  
			  </property>      
       </bean>        
       
       <bean id="abc" class="com.cg.model.Employee">
         <property name="employeeId" value="601"/>
         <property name="employeeName" value="Ajay"/>
         <property name="salary" value="50000.0"/>
         
         </bean>
       
         <bean id="e1" class="com.cg.model.Employee">
         <property name="employeeId" value="201"/>
         <property name="employeeName" value="SaiSuresh"/>
         <property name="salary" value="10000.0"/>
         
         </bean> 
         
         <bean id="e2" class="com.cg.model.Employee">
         <property name="employeeId" value="301"/>
         <property name="employeeName" value="SaiRamesh"/>
         <property name="salary" value="60000.0"/>
         
         </bean>       
                
                
                
                
 </beans>               