<?xml version="1.0" encoding="UTF-8"?>

<beans  
    xmlns="http://www.springframework.org/schema/beans"  
    xmlns:xsi="http://www.w3.org/2001/XMLSchema-instance"  
    xmlns:p="http://www.springframework.org/schema/p"  
    xsi:schemaLocation="http://www.springframework.org/schema/beans  
                http://www.springframework.org/schema/beans/spring-beans-3.0.xsd">  
       
       <bean id="emp" class="com.cg.service.EmployeeServiceImpl">
       
       <constructor-arg ref="dao"></constructor-arg>
       
       
       
       
       </bean>
       
       
       <bean id="dao" class="com.cg.dao.EmployeeDAOImpl">
       
       <property name="map">
       <map>
       <entry key="101" value-ref="e1"/>
       <entry key="102" value-ref="e2"/>
       <entry key="103" value-ref="e3"/>
       </map>
       </property>
        </bean>
       <bean id="e1" class="com.cg.bean.Employee">
       <property name="employeeId" value="101"/>
       <property name="employeeName" value="SureshVerma"/>
       <property name="salary" value="101000.0"/>
       
       
       </bean>
       <bean id="e2" class="com.cg.bean.Employee">
       <property name="employeeId" value="102"/>
       <property name="employeeName" value="Pal"/>
       <property name="salary" value="901000.0"/>
       
       
       </bean>
       
       <bean id="e3" class="com.cg.bean.Employee">
       <property name="employeeId" value="103"/>
       <property name="employeeName" value="SureshVerma"/>
       <property name="salary" value="801000.0"/>
       
       
       </bean>
       
       
       
       
        </beans>