<?xml version="1.0" encoding="UTF-8"?>  
<beans  
    xmlns="http://www.springframework.org/schema/beans"  
    xmlns:xsi="http://www.w3.org/2001/XMLSchema-instance"  
    xmlns:p="http://www.springframework.org/schema/p"  
    xsi:schemaLocation="http://www.springframework.org/schema/beans  
                http://www.springframework.org/schema/beans/spring-beans-3.0.xsd">  
  
<bean id="emp" class="com.cg.controller.Employee">  
<constructor-arg value="12345" type="int"></constructor-arg>  
<constructor-arg value="Harriet" type="String"></constructor-arg>  
<constructor-arg value="40000.0" type="double"></constructor-arg>  
<constructor-arg value="PES-BU" type="String"></constructor-arg> 
 <constructor-arg value="30" type="int"></constructor-arg> 

</bean>  
  
</beans>  
