<?xml version="1.0" encoding="UTF-8"?>  
<beans  
    xmlns="http://www.springframework.org/schema/beans"  
    xmlns:xsi="http://www.w3.org/2001/XMLSchema-instance"  
    xmlns:p="http://www.springframework.org/schema/p"  
    xsi:schemaLocation="http://www.springframework.org/schema/beans  
                http://www.springframework.org/schema/beans/spring-beans-3.0.xsd">  
  
<bean id="emp" class="com.cg.model.Employee"> 
<constructor-arg ref="abc"></constructor-arg>  
<property name="employeeId" value="12345" ></property>  
<property name="employeeName" value="Harriet" ></property>  
<property name="salary" value="40000.0" ></property>  
 <property  name="age" value="30"></property> 

</bean>  
<bean id="abc" class="com.cg.model.SBU">  
<property value="23456" name="sbuId"></property>  
<property value="Product Engineering Service" name="sbuName"></property> 
<property value="Kiran Rao" name="sbuHead"></property>  

</bean>  
  
  
</beans>  
